{"accuracy": [0.1462053507566452, 0.1830357164144516, 0.1830357164144516, 0.2193080335855484, 0.25, 0.2806919515132904, 0.3091517984867096, 0.3342633843421936, 0.35546875, 0.3616071343421936], "loss": [2.2611377239227295, 2.132253885269165, 2.1018283367156982, 2.063908815383911, 2.0153310298919678, 1.9733587503433228, 1.909652829170227, 1.8791569471359253, 1.8027575016021729, 1.8105219602584839], "val_accuracy": [0.20581655204296112, 0.20805369317531586, 0.2170022428035736, 0.29082775115966797, 0.3154362440109253, 0.3758389353752136, 0.41834452748298645, 0.44742730259895325, 0.4317673444747925, 0.4675615131855011], "val_loss": [2.128396987915039, 2.085151195526123, 2.044916868209839, 1.9899721145629883, 1.9142694473266602, 1.8243558406829834, 1.7882124185562134, 1.7270668745040894, 1.727612018585205, 1.6494776010513306]}